job_id,originating_server_id,name,enabled,description,start_step_id,category_id,owner_sid,notify_level_eventlog,notify_level_email,notify_level_netsend,notify_level_page,notify_email_operator_id,notify_netsend_operator_id,notify_page_operator_id,delete_level,date_created,date_modified,version_number
70967F61-B3EC-482B-96BA-0043F46C2152,0,ETL_POL_HOURLY_HLR_TDR_LOADING,1,No description available.,1,0,0x01,0,0,0,0,0,0,0,0,31:37.8,35:24.1,23
9FFDD9F6-5348-4350-BD62-0131E06BBD36,0,RA_NLD_GPRS_USAGE_DAILY_REPORT,1,Created on 7 Jul'25.,1,0,0x01,0,0,0,0,0,0,0,0,39:01.2,39:01.4,4
CC782AAB-24A4-4147-9DF7-01F9A64407AF,0,MIS_POL_MONTHLY_MLY_PF_INCENTIVE_REPORT,1,No description available.,1,0,0x01,0,0,0,0,0,0,0,0,02:49.0,12:52.6,22
71E93FE4-285A-43C4-8482-030BF65DA2DD,0,EC2AMAZ-SS9D7GT-MVNOREPORT_POL_LM-Retailerwisekickback-4,1,No description available.,1,15,0x01,0,0,0,0,0,0,0,0,16:59.2,09:22.4,5
BA0149B6-E70A-4E10-9A7A-031F3D7C1F4D,0,MIS_POL_DAILY_TRADITIONAL_PORTIN_REPORT,1,NULL,1,0,0x01,0,0,0,0,0,0,0,0,32:41.6,02:38.0,5
38905FC0-7A7F-4F0B-9F5C-055433769A52,0,MIS_POL_MONTHLY_OPERATOR_SUBOPERATOR,1,No description available.,1,0,0x01,0,0,0,0,0,0,0,0,53:59.1,53:59.3,5
38BA78E7-E824-4A74-9D8E-0583B5868984,0,DBA_MM,0,No description available.,1,0,0x01,0,0,0,0,0,0,0,0,33:59.2,55:22.7,84
4295E59D-C48F-40C0-A6D7-0656298C7D6B,0,MIS_NLD_MONTHLY_IMEI_HANDSET,1,No description available.,1,0,0x01,0,0,0,0,0,0,0,0,12:58.6,12:58.8,5
08428655-8634-4136-85E0-066CBA01A34A,0,MIS_ALL_DAILY_MGMT_DASHBOARD_BI,1,Created by suresh on 29 Sep25,1,0,0x01,0,0,0,0,0,0,0,0,13:30.6,16:54.8,6
F1BDAC98-1C71-4C16-A754-076DA6FD7B39,0,ETL_POL_VOTING_ESME_PULLING,1,No description available.,1,0,0x01,0,0,0,0,0,0,0,0,25:05.2,39:39.1,8
03CDD980-76E8-4C9D-AC6C-077E971FEDEC,0,MIS_NLD_MONTHLY_ALLOCATION_VS_USAGE,1,NULL,1,0,0x01,0,0,0,0,0,0,0,0,39:49.3,00:06.7,5
94D9DF32-48D8-4524-BD7E-07C81C4EFC64,0,RET_NLD_DAILY_AUTORENEWAL,1,No description available.,1,0,0x01,0,0,0,0,0,0,0,0,15:37.1,08:57.6,7
CE02542F-69E5-4225-B4C2-09826F87B92C,0,FM_NLD_DAILY_PG_GATEWAY_FINAL,1,No description available.,1,0,0x01,0,0,0,0,0,0,0,0,16:21.3,16:21.3,4
C01085FE-97F8-4213-9229-0B90428AE7F0,0,RA_NLD_DAILY_PREPAID_VALIDATION_REPORT,1,No description available.,1,0,0x01,0,0,0,0,0,0,0,0,43:54.8,28:31.6,188
DA3BB2DC-6CDF-47C2-8F75-0BB5502A99BF,0,ICB_NLD_PP_DAILY_BILLCYCLE_PRODUCT_WISE_USAGE_REPORT,1,No description available.,1,0,0x01,0,0,0,0,0,0,0,0,16:12.0,16:12.0,5
234FBCC3-3BAA-4CBC-A185-0C51B12327E2,0,RET_NLD_DAILY_EXPIRY_ROLL_OVER,1,No description available.,1,0,0x01,0,0,0,0,0,0,0,0,15:38.0,09:58.8,7
B2FD2AAA-7CE5-4676-9902-0D80283AD26A,0,MIS_POL_MONTHLY_RESELLER_AND_RETAILERWISE_BUNDLE,1,No description available.,1,0,0x01,0,0,0,0,0,0,0,0,27:32.6,27:32.8,4
11335DD8-6BCF-425A-81C4-0E7EE59A77C2,0,EC2AMAZ-SS9D7GT-MVNOREPORT_NLD_LM-RetailerTransaction_T-UKSLNLSPCN04-48,1,No description available.,1,10,0x019658E4B671334D95596BACC76DCF61,0,0,0,0,0,0,0,0,42:04.4,42:04.4,4
1A62C15B-AC57-444D-8623-0EF53BF8351A,0,MIS_POL_DAILY_FIRSTUSAGE,1,No description available.,1,0,0x01,0,0,0,0,0,0,0,0,33:59.6,33:59.6,4
203B998A-B63C-4A39-BA93-0FBBB2B71D13,0,MIS_NLD_MONTHLY_BUNDLE_CODE_WISE_INTERNATIONAL_USAGE,1,NULL,1,0,0x01,0,0,0,0,0,0,0,0,08:12.6,00:07.9,5
B18DFF6B-0F76-4FF7-87BD-0FFF71FB5854,0,RET_NLD_DAILY_BUNDLEACTIVATION,1,No description available.,1,0,0x01,0,0,0,0,0,0,0,0,15:37.4,15:37.5,4
DA5F8904-935D-4285-8DA6-1020DABDA92D,0,ETL_NLD_BN_PRIORITY_FILES_PULLING_LOADING,1,No description available.,1,0,0x01,0,0,0,0,0,0,0,0,12:14.0,13:08.7,11
47E52938-6750-47A2-980B-1042E8D7D373,0,MIS_POL_DAILY_DSM_TOPUP_REPORT,1,No description available.,1,0,0x01,0,0,0,0,0,0,0,0,33:59.6,42:32.3,6
ABF2BB35-850C-402C-8E13-11EEDCF9CAAB,0,ETL_POL_EDR_TYPE1_AND_TYPE2_SPLIT_AND_LOADING,1,No description available.,1,0,0x01,0,0,0,0,0,0,0,0,59:48.1,49:24.1,7
22168FD1-0F76-45CA-94FC-1285B102B51B,0,MIS_NLD_DAILY_TRADITIONAL_PORTIN_REPORT,1,No description available.,1,0,0x01,0,0,0,0,0,0,0,0,15:58.1,15:58.1,4
18EBDD84-8FBA-46F9-A1BC-1361DAE5CE5D,0,MIS_POL_DAILY_MNP_PORT_IN_OUT_OPERATOR_WISE,1,No description available.,1,0,0x01,0,0,0,0,0,0,0,0,33:59.7,42:32.4,6
4E212E4D-5244-40BD-AC38-13653222CE1B,0,DBA_DAILY_POL_ISR_MONTH_COMPRESSION,1,No description available.,1,0,0x01,0,0,0,0,0,0,0,0,33:59.1,33:59.1,4
8F7BA2F9-70B3-4D6A-83FE-13E76CFDD6B8,0,ETL_POL_SALESFORCE_PUSH,1,No description available.,1,0,0x01,0,0,0,0,0,0,0,0,33:59.4,39:05.0,11
AD7903A9-54E4-4840-8846-13FD75C13857,0,MIS_NLD_HOURLY_ESIM_REPORT,1,No description available.,1,0,0x01,0,0,0,0,0,0,0,0,15:58.8,15:58.8,4
3EE3C9FC-62C4-4A87-A685-145A8C6A0D2E,0,EC2AMAZ-SS9D7GT-MVNOREPORT_NLD_LM-Firstusage-10,1,No description available.,1,15,0x019658E4B671334D95596BACC76DCF61,0,0,0,0,0,0,0,0,53:39.2,53:39.2,4
6D190CFA-0E9B-4037-A0FA-14982F688450,0,TARIFF_POL_HOURLY_SUMMARY,1,No description available.,1,0,0x01,0,0,0,0,0,0,0,0,34:00.0,34:00.0,3
F59CB583-20F0-4D2F-AEFA-14BFF4CE2672,0,MIS_POL_DAILY_GPRS_USAGE_FMRA,1,NULL,1,0,0x01,0,0,0,0,0,0,0,0,13:39.1,13:39.5,4
B2C35230-8B01-4B0D-BEEA-1514BEBBEC4E,0,ETL_POL_BULK_SMSC_PULLING,1,No description available.,1,0,0x01,0,0,0,0,0,0,0,0,13:15.4,19:27.2,6
D0589FF3-FA89-4B54-A277-17F57035EF7F,0,MIS_POL_MONTHLY_POSTOFFICE_SIM_REG_REPORT,1,No description available.,1,0,0x01,0,0,0,0,0,0,0,0,33:59.9,42:00.0,5
B816027D-FC4F-4DD6-A2A5-181954F78255,0,ICB_DS_NLD_DAILY_PP_DAYWISE_CUSTOMER_SEGMENTATION,1,created by suresh on 12Sep25,1,0,0x01,0,0,0,0,0,0,0,0,07:43.4,08:32.7,6
B0EB2CE5-D72E-48FE-805D-18C702AFCF77,0,MIS_NLD_DAILY_GDPR_REPORT,1,No description available.,1,0,0x01,0,0,0,0,0,0,0,0,15:53.5,15:53.5,4
F2C87542-85EC-4D62-BD33-18FBF0E78FD3,0,EC2AMAZ-SS9D7GT-MVNOREPORT_NLD_LM-2,1,No description available.,1,13,0x019658E4B671334D95596BACC76DCF61,0,0,0,0,0,0,0,0,53:35.7,53:35.7,4
BE912510-0DFA-4DC2-8322-195D37DA7E99,0,DBA_NLD_DAILY_KPNMNO_MONTH_COMPRESSION,1,No description available.,1,0,0x01,0,0,0,0,0,0,0,0,16:39.6,43:47.8,9
38BCBF9A-6FC7-469D-A12D-19E02825E049,0,ETL_HOURLY_POL_NRTRDE_SPLIT_LOAD,1,No description available.,1,0,0x01,0,0,0,0,0,0,0,0,33:59.4,00:42.3,12
4D092CE9-7013-4B86-B5F0-1A7708BED5C6,0,MIS_NLD_DAILY_DEBIT_CREDIT_SUMMARY_REPORT,1,No description available.,1,0,0x01,0,0,0,0,0,0,0,0,15:52.4,15:52.4,4
7DCB667F-1859-42F5-B647-1A86C4343721,0,FM_POL_DAILY_FRAUDTOOL_VALIDATION,1,As requested by Yuvaraj FM team. Created on 4th Jul'24,1,0,0x01,0,0,0,0,0,0,0,0,24:31.6,24:31.8,4
80A11CFA-FFF6-4547-B637-1AFEC3E90B00,0,FM_POL_DAILY_SIMBOX_REPORT,1,No description available.,1,0,0x01,0,0,0,0,0,0,0,0,33:59.5,31:22.8,5
1F72BA38-DF8B-4D75-B0F5-1C6BE2F56E56,0,DBA_DAILY_NLD_ACC_DB_RESTORATION,1,No description available.,1,0,0x01,0,0,0,0,0,0,0,0,36:11.6,57:00.2,29
27F93892-BB1B-496B-9001-1CF319FFB156,0,FM_POL_HOURLY_SIMBOX_REPORT,1,No description available.,1,0,0x01,0,0,0,0,0,0,0,0,33:59.5,31:22.9,5
5F06F48D-0F67-4B7F-8F9D-1DE5366E7F8B,0,ETL_NLD_EDR_TYPE1_AND_TYPE2_SPLIT_AND_LOADING,1,No description available.,1,0,0x01,0,0,0,0,0,0,0,0,12:14.7,59:32.7,4
F919645C-360F-4BC2-9A68-1E075465349E,0,ETL_MNO_LOADING_ALERT_POPULATION,1,No description available.,1,0,0x01,0,0,0,0,0,0,0,0,13:48.9,35:42.2,8
F340CBCE-7DC8-4E7A-8745-1EBFC69DD2E6,0,MIS_NLD_DAILY_PRELOADED_REPORT,1,No description available.,1,0,0x01,0,0,0,0,0,0,0,0,15:55.8,15:55.8,4
217C27DA-3ABF-49B7-BAC6-1ED895C7CF64,0,MIS_POL_HOURLY_PORTIN_PROCESS,1,No description available.,1,0,0x01,0,0,0,0,0,0,0,0,33:59.9,38:38.6,5
54353089-ADBD-4766-815F-1EE4B9F29882,0,DBA_ALL_HOURLY_Alert,1,No description available.,1,0,0x01,0,0,0,0,0,0,0,0,33:59.0,33:59.1,7
88501189-235D-4C6C-9E82-1EFDAB54A0E8,0,ETL_POL_EDR_SPEED&FU_LOADING,1,No description available.,1,0,0x01,0,0,0,0,0,0,0,0,11:07.8,00:42.5,13
3579906D-8FD5-493F-823B-202D6959F7FF,0,DBA_NLD_DAILY_ACCOUNTINFO_INGESTION_BackuptoS3,1,No description available.,1,0,0x01,0,0,0,0,0,0,0,0,16:39.4,40:47.1,10
33317274-1610-4DBB-8720-20AD259BE69C,0,RA_POL_DAILY_RETAILER_INCENTIVE_REPORT,1,No description available.,1,0,0x01,0,0,0,0,0,0,0,0,56:15.6,56:15.7,4
50BE693E-25B7-4EFA-87C6-219E92C55611,0,ICB_NLD_PP_DAILY_TOPUP_BUNDLE_SUMMARY,1,No description available.,1,0,0x01,0,0,0,0,0,0,0,0,16:13.3,16:13.3,5
CF3383AF-9EAE-4448-B6E2-22D5C7FCAE6D,0,MIS_POL_WEEKLY_2ND_LEVEL_ACTIVATION,1,No description available.,1,0,0x01,0,0,0,0,0,0,0,0,33:59.9,33:59.9,4
F3858BB4-4881-4AB0-9C88-235C52D1B654,0,MIS_POL_DAILY_DNA_TOPUP_REPORT,1,No description available.,1,0,0x01,0,0,0,0,0,0,0,0,07:00.7,15:04.6,6
9385943F-401B-460F-925B-24C469C57186,0,MIS_NLD_DAILY_PORTOUT_FIRSTUSAGE_REMOVAL,1,No description available.,1,0,0x01,0,0,0,0,0,0,0,0,15:55.2,15:55.2,4
7D6224C9-F8FD-4959-BE41-2574B2838214,0,ETL_NLD_SF_PUSH,1,No description available.,1,0,0x01,0,0,0,0,0,0,0,0,12:16.5,08:59.4,4
C9B2C816-27B6-45B6-AE9F-2659B10D6697,0,TARIFF_AI_ANALYTICS_POL_MONTHLY_ON_CHURN_RATE,1,No description available.,1,0,0x01,0,0,0,0,0,0,0,0,32:02.0,32:02.9,4
D8B8C16F-E71A-4FED-A857-267F9B236E17,0,MIS_NLD_MONTHLY_FCA_VINTAGE,1,NULL,1,0,0x01,0,0,0,0,0,0,0,0,09:14.7,00:06.5,5
B6DB35A0-1036-4423-BC71-275A8774C103,0,MIS_POL_MONTHLY_EXPIRY_WISE_BUNDLE_USAGE,1,No description available.,1,0,0x01,0,0,0,0,0,0,0,0,39:33.3,39:33.5,5
FFEFCC90-F584-4419-9B13-27946113698C,0,MIS_NLD_MONTHLY_RETAILER_ANALYSIS,1,No description available.,1,0,0x01,0,0,0,0,0,0,0,0,16:01.0,16:01.0,6
37AE34AD-9AE2-41EC-A625-2891D5A64E41,0,ETL_ALL_FILES_FLAT_FILE_DELETION,1,No description available.,1,0,0x01,0,0,0,0,0,0,0,0,30:53.9,00:09.2,6
C91BF6AA-998B-43AE-9F31-28A16A5DF27F,0,RA_POL_DAILY_PREPAID_VALIDATION_REPORT,1,Cretaed By Suresh 06 Oct25,1,0,0x01,0,0,0,0,0,0,0,0,18:17.8,32:54.3,63
24F3BAB0-E17F-488E-BA42-2A85B1139BAA,0,MIS_NLD_DAILY_MNP_PORT_IN_OUT_OPERATOR_WISE,1,No description available.,1,0,0x01,0,0,0,0,0,0,0,0,15:54.0,15:54.0,4
767112E2-F61B-40E7-943C-2AF24EB79BD5,0,ETL_POL_AWS_PUSH,1,No description available.,1,0,0x01,0,0,0,0,0,0,0,0,33:59.4,00:42.4,9
CAD394FB-2151-4AF7-82A8-2C2BE36F37C8,0,ICB_POL_DAILY_DS_DAYWISE_CUSTOMER_SEGMENTATION,1,NULL,1,0,0x01,0,0,0,0,0,0,0,0,02:38.0,26:09.8,10
34DBB7D2-EF5D-487F-A975-2C809FCA4294,0,MIS_NLD_MONTHLY_SLAB_WISE_DATA_USAGE,1,No description available.,1,0,0x01,0,0,0,0,0,0,0,0,56:35.3,56:35.5,4
4989CD55-848C-4381-8FBA-2E65FA81813F,0,MIS_POL_DAILY_TOPUP_SUMMARY_REPORT,0,No description available.,1,0,0x01,0,0,0,0,0,0,0,0,33:59.8,33:59.8,4
2EC083F0-CE2A-4146-8DD4-2E8148CE9E4E,0,EC2AMAZ-SS9D7GT-MVNOREPORT_POL_LM-TopupSummary_Tables-5,1,No description available.,1,15,0x01,0,0,0,0,0,0,0,0,18:48.9,09:22.4,5
EB1983A3-7B18-4B80-84EB-2F1A356D309D,0,DBA_NLD_MONTHLY_EDR_BT_DYNAMIC_VIEW_CREATION,1,No description available.,1,0,0x01,0,0,0,0,0,0,0,0,51:36.1,52:18.0,6
AB86C511-55AF-488D-ADE5-2F9D8A889F9D,0,EC2AMAZ-SS9D7GT-MVNOREPORT_NLD_LM-RetailerTransaction_Tables-12,1,No description available.,1,15,0x019658E4B671334D95596BACC76DCF61,0,0,0,0,0,0,0,0,40:03.9,40:03.9,4
62CB9209-932D-4791-8870-2FA280DA8A43,0,MIS_POL_HOURLY_HRL_REPORT,1,No description available.,1,0,0x01,0,0,0,0,0,0,0,0,12:14.3,02:38.0,5
D72DD005-A1AF-4775-BC0A-30A796CF8740,0,ICB_POL_DAILY_RM_USAGE,1,No description available.,1,0,0x01,0,0,0,0,0,0,0,0,09:58.9,52:12.6,11
C7091791-1CAD-4545-AA32-3149C534E507,0,MIS_NLD_DAILY_AIRTIME_LYCA_NON_LYCA,1,No description available.,1,0,0x01,0,0,0,0,0,0,0,0,15:51.5,15:51.5,4
B7C04C8F-B003-4483-8392-32534251F00A,0,Monitor and sync replication agent jobs,1,Sync replication agent jobs and their enabled states.,1,16,0x01,2,0,0,0,0,0,0,0,09:41.2,09:22.4,3
EA927871-3FB9-4101-A53C-335A6371D950,0,MIS_POL_WEEKLY_CBR_VOU,1,No description available.,1,0,0x01,0,0,0,0,0,0,0,0,33:59.9,33:59.9,4
1CD52373-3E9C-470B-9CC1-339E66CD3278,0,EC2AMAZ-SS9D7GT-MVNOREPORT_POL_LM-Firstusage-UKSLPSCN04-M-33,1,No description available.,1,10,0x01,0,0,0,0,0,0,0,0,02:40.7,09:22.4,5
DAEB208F-81C4-4147-8C12-3461C7EA96D8,0,FM_POL_DAILY_DESTINATION_SUMMARY,1,No description available.,1,0,0x01,0,0,0,0,0,0,0,0,33:59.5,31:22.8,5
491E7520-3FF0-45D0-ADD1-355279212102,0,ETL_POL_SALESFORCESPOOL,1,No description available.,1,0,0x01,0,0,0,0,0,0,0,0,33:59.4,09:00.2,19
A2E237C5-49D0-4016-9B91-35EEF46CD9CE,0,Agent history clean up: distribution,1,Removes replication agent history from the distribution database.,1,12,0x01,0,0,0,0,0,0,0,0,09:43.3,09:22.2,3
E30D41C4-EBE5-41BC-BB69-3707F6FA6760,0,EC2AMAZ-SS9D7GT-MVNOREPORT_NLD_LM-Tblretailerportinrequ-UKSLNLSPCN04-57,1,No description available.,1,10,0x019658E4B671334D95596BACC76DCF61,0,0,0,0,0,0,0,0,47:55.6,47:55.6,4
2B4CBFBC-74FE-4B9D-854F-384D29545ECF,0,MIS_NLD_MONTHLY_MLY_KB_FIXING,1,No description available.,1,0,0x01,0,0,0,0,0,0,0,0,15:59.9,17:30.9,9
E5D3A74E-CB2C-4B8F-A9E9-391AD3B117B7,0,MIS_POL_DAILY_ORDERS_RECONCILIATION,1,No description available.,1,0,0x01,0,0,0,0,0,0,0,0,33:59.7,15:16.5,5
FA188ABA-3B79-4E59-BF03-3BF67031C247,0,ICB_NLD_DAILY_PP_BN_CUST_ACCCOUNTS_STATE,1,No description available.,1,0,0x01,0,0,0,0,0,0,0,0,16:11.4,16:11.4,5
EA11DC66-2464-478E-9D50-3D3ECEF51F46,0,DBA_POL_DAILY_EDR_COMPRESSION,1,No description available.,1,0,0x01,0,0,0,0,0,0,0,0,34:48.0,55:47.6,13
DA28BC05-EE41-42BC-8D17-3DDA6774A08A,0,MIS_POL_HOURLY_ESIM_REPORT,1,No description available.,1,0,0x01,0,0,0,0,0,0,0,0,33:59.9,33:59.9,4
8743F246-DEEC-4C3F-97F1-3DF13677BFC9,0,RET_NLD_HOURLY_FT_DATA,1,No description available.,1,0,0x01,0,0,0,0,0,0,0,0,15:38.6,10:41.1,7
533C7DB8-2BC1-4E0B-9470-3F3B93066CCA,0,MIS_POL_DAILY_ML_DATA_SUMMARY,1,No description available.,1,0,0x01,0,0,0,0,0,0,0,0,01:55.0,02:15.8,25
7961D11B-F6A4-4073-A1B6-3FC61E5397FD,0,DBA_ALL_Monthly_Delete_Day-1_backup,1,No description available.,1,0,0x01,0,0,0,0,0,0,0,0,34:00.0,34:00.8,4
246698B9-8090-4C9A-AC21-409291389493,0,ETL_POL_RRBS_PULLING,1,No description available.,1,0,0x01,0,0,0,0,0,0,0,0,48:56.9,12:04.3,21
2C2839E4-5736-4BAC-A8AF-411F76DFF390,0,BO_6237_NLD_DAILY_POPULATION,1,No description available.,1,0,0x01,0,0,0,0,0,0,0,0,16:30.4,16:30.4,3
4A9D527E-3215-4201-8C2F-41705500D166,0,MIS_POL_DAILY_ALLOCATION_USAGE_REPORT,1,No description available.,1,0,0x01,0,0,0,0,0,0,0,0,32:32.0,32:32.2,4
F00D9833-2418-45E7-8F48-42A3241E5F93,0,DBA_DAILY_JobExecutionMetrics,1,No description available.,1,0,0x01,0,0,0,0,0,0,0,0,36:50.1,36:50.3,4
206FEB81-5022-4545-9094-42E1856993AF,0,MIS_NLD_WEEKLY_NEWSHOP_COUNT,1,No description available.,1,0,0x01,0,0,0,0,0,0,0,0,16:02.1,16:02.1,4
8496C5E8-354A-4559-A882-438E8CCE288C,0,RA_NLD_DAILY_ACCT_BAL_REPORT,1,No description available.,1,0,0x01,0,0,0,0,0,0,0,0,15:45.7,15:45.7,4
82DEBDEA-8739-4C50-82A7-43C8699B9CB9,0,MIS_POL_DAILY_FST_REPORT,1,No description available.,1,0,0x01,0,0,0,0,0,0,0,0,33:59.6,15:04.8,10
ED41CE87-A5A7-4BF5-8221-43E8027CEB48,0,ETL_NLD_VOTING_ESME_PULLING,1,No description available.,1,0,0x01,0,0,0,0,0,0,0,0,18:04.1,19:20.3,7
54E9A9A2-F301-410F-80C7-43FFF596AD6B,0,FM_POL_DAILY_PG_GATEWAY_FINAL,1,No description available.,1,0,0x01,0,0,0,0,0,0,0,0,33:59.5,31:22.8,5
BD06B2E6-2249-4F51-9970-4405C2302B0B,0,RA_NLD_DAILY_BAR_VALIDATION,1,NULL,1,0,0x01,0,0,0,0,0,0,0,0,49:59.0,00:05.3,5
C96BF6B3-0F09-4E21-AE6F-440FBF4C6069,0,DBA_DAILY_CFJ,1,No description available.,1,0,0x01,0,0,0,0,0,0,0,0,33:59.1,33:59.1,4
A23969FB-B29A-43A9-973C-4427989F60CC,0,MIS_NLD_DAILY_MO_USAGE_REPORT,1,No description available.,1,0,0x01,0,0,0,0,0,0,0,0,15:54.2,15:54.2,4
60B9A357-FC4A-427B-B9ED-4458AA27CD46,0,Reinitialize subscriptions having data validation failures,1,Reinitializes all subscriptions that have data validation failures.,1,18,0x01,0,0,0,0,0,0,0,0,09:40.9,09:22.4,3
41EAF2F4-F4E4-4BED-ACEC-460AD3FED081,0,EC2AMAZ-SS9D7GT-MVNOREPORT_NLD_LM-TopupSummary_Tables-14,1,No description available.,1,15,0x019658E4B671334D95596BACC76DCF61,0,0,0,0,0,0,0,0,51:56.3,51:56.4,4
A2AA8FAE-A911-420A-B8EA-4751A12F6E43,0,ETL_POL_FWNAT_PULLING,0,No description available.,1,0,0x01,0,0,0,0,0,0,0,0,32:05.5,57:42.3,14
ECF9B9F4-06BD-4E53-A501-484A181EF0EE,0,ETL_NLD_POSTPAID_DAY-5FOLDER_DELETION,1,No description available.,1,0,0x01,0,0,0,0,0,0,0,0,18:16.3,05:14.8,5
FD28CDA4-A738-4F4B-9BCA-48543FD8FCA8,0,MIS_NLD_DAILY_REPSLY_ZONEWISE_GA_SUMMARYREPORT,1,No description available.,1,0,0x01,0,0,0,0,0,0,0,0,15:56.0,15:56.0,10
5F3CEA6C-0235-4C72-85E5-49B751D2C840,0,ETL_NLD_PP_EDR_SPLIT_LOAD,1,No description available.,1,0,0x01,0,0,0,0,0,0,0,0,12:16.0,00:14.5,5
061B2A8F-E835-4F0E-ACCA-49BA0825BC4F,0,MIS_NLD_MONTHLY_EXPIRY_WISE_BUNDLE_USAGE,1,No description available.,1,0,0x01,0,0,0,0,0,0,0,0,15:59.7,15:59.7,5
AA8CC2E7-2F71-4637-B23A-49E6B329EC2C,0,RA_POL_GPRS_USAGE_DAILY_REPORT,1,Created on 7 Jul'25.,1,0,0x01,0,0,0,0,0,0,0,0,39:23.3,40:01.8,5
708079C6-A22F-4418-95B6-4AF46B60A4E8,0,ETL_RRBS_FIRSTDATE_SPILLOVER,1,No description available.,1,0,0x01,0,0,0,0,0,0,0,0,59:05.5,19:36.7,7
1A7A24AE-CCA1-47AC-A16C-4AFBD96CC802,0,DBA_MINS_DISKSPACE_ALERT,1,No description available.,1,0,0x01,0,0,0,0,0,0,0,0,33:59.2,33:59.2,4
2A5827E1-8C31-4461-B964-4BB220240A18,0,MIS_NLD_DAILY_POSTPAID_REPORT,1,No description available.,1,0,0x01,0,0,0,0,0,0,0,0,15:55.6,15:55.6,4
5FB03DE4-C467-4A22-80D0-4C15CABF1BC2,0,ICB_NLD_PP_DAILY_BN_LEGAL_DATA_DUMP,1,No description available.,1,0,0x01,0,0,0,0,0,0,0,0,16:12.9,16:12.9,12
839CA869-8BA0-45A6-8E9F-4C99C058FE89,0,MIS_POL_WEEKLY_NEWSHOP_COUNT,1,No description available.,1,0,0x01,0,0,0,0,0,0,0,0,33:59.9,33:59.9,4
40C59973-EA69-4208-95B2-4CD14C95E559,0,MIS_POL_MONTHLY_RES_TOPUP,1,No description available.,1,0,0x01,0,0,0,0,0,0,0,0,33:59.9,11:16.3,6
41F9562F-D807-4776-AA58-4CF8B1899494,0,ETL_HOURLY_NLD_MNO_LOAD,1,No description available.,1,0,0x01,0,0,0,0,0,0,0,0,12:13.4,48:45.6,16
888E90FA-C0FF-476F-8086-506ACBD4EBC1,0,MIS_POL_DAILY_POS_RETAILER_BANKTRANSACTION,1,No description available.,1,0,0x01,0,0,0,0,0,0,0,0,14:04.6,04:57.3,5
64E0D21E-8B74-44C6-98FD-50E50FDA7173,0,RET_POL_HOURLY_FT_DATA,1,No description available.,1,0,0x01,0,0,0,0,0,0,0,0,13:54.4,01:38.7,7
209D70E2-ECA9-434D-856B-50EFB6394045,0,DBA_ALL_DAILY_INSERT_EDR_TABLE_COUNT,1,Created by Suresh. Created on 9th Aug'24,1,0,0x01,0,0,0,0,0,0,0,0,25:18.3,56:55.3,5
0EE40B30-04FD-4B45-8774-52EB9622DBC3,0,EC2AMAZ-SS9D7GT-MVNOREPORT_NLD_LM-Tblretailerportinrequest-15,1,No description available.,1,15,0x019658E4B671334D95596BACC76DCF61,0,0,0,0,0,0,0,0,45:04.8,45:04.9,4
E3D6837D-0634-456E-9AC0-53BFFD73EC1B,0,MIS_NLD_MONTHLY_USAGE_ARPU,1,NULL,1,0,0x01,0,0,0,0,0,0,0,0,52:37.1,00:02.1,7
13EE3343-3DDA-4022-B59F-53D43556D8B8,0,MIS_POL_MONTHLY_USAGE_ARPU,1,No description available.,1,0,0x01,0,0,0,0,0,0,0,0,07:13.6,07:14.2,6
A506BA9B-284D-4C6E-82D5-5498FA09C02C,0,MIS_POL_DAILY_PORTOUT_FIRSTUSAGE,1,No description available.,1,0,0x01,0,0,0,0,0,0,0,0,33:24.0,33:24.4,4
84A485E3-98FB-4B98-BB01-54F5297CAF7C,0,DBA_DAILY_IS_JOBS_ENDDATE,1,No description available.,1,0,0x01,0,0,0,0,0,0,0,0,33:59.1,33:59.1,4
5186B425-A3C7-40C6-878E-556F1CC00F20,0,FM_NLD_DAILY_ANALYTICAL_TREND_SUMMARY,1,No description available.,1,0,0x01,0,0,0,0,0,0,0,0,16:20.4,16:20.4,4
75862EBB-1B0C-45AB-9BBA-55C96128A5B1,0,MIS_NLD_DAILY_TOPUP_ARPU,1,No description available.,1,0,0x01,0,0,0,0,0,0,0,0,15:57.7,15:57.7,5
8375949D-52CE-4036-A951-55D00C8F519A,0,MIS_POL_MONTHLY_ALLOCATION_VS_USAGE,1,NULL,1,0,0x01,0,0,0,0,0,0,0,0,39:40.1,00:08.0,5
41E84473-C7FB-4828-AB0B-55DDC379B992,0,MIS_NLD_DAILY_ONLINE_ORDER,1,No description available.,1,0,0x01,0,0,0,0,0,0,0,0,15:54.3,15:54.3,4
AAA341AB-3B4D-44CC-A56F-55EF39CEEB84,0,ETL_NLD_SMSLCR_PULLING,1,No description available.,1,0,0x01,0,0,0,0,0,0,0,0,12:17.2,16:09.5,7
01DB1FD0-2609-45E4-8F85-5605DB6C86F6,0,MIS_NLD_DAILY_ROAMING_REVENUE,1,No description available.,1,0,0x01,0,0,0,0,0,0,0,0,15:56.5,15:56.6,4
A3AB94CD-E263-48CB-8773-560D146E162C,0,ETL_HOLL_MOB_SPLIT_LOAD,1,No description available.,1,0,0x01,0,0,0,0,0,0,0,0,24:41.4,18:02.2,13
0AA81E5C-6163-44B1-A0A7-5614ED5ED2D1,0,MIS_NLD_DAILY_POS_RETAILER_BANK_TRANSCATION,1,No description available.,1,0,0x01,0,0,0,0,0,0,0,0,15:55.4,15:55.4,4
E7C57E6E-8C2C-46F4-BBBA-589B0C6D0793,0,ICB_DS_NLD_DAILY_CUSTOMER_SEGMENTATION,1,As requested by senthamizhselvan ICB Team. created on 7 July'24,1,0,0x01,0,0,0,0,0,0,0,0,16:51.6,24:35.6,11
F0899EAB-6EC4-45B6-B5AB-59DC3A0D0BC5,0,RET_NLD_DAILY_EXPIRY_FAILURE,1,No description available.,1,0,0x01,0,0,0,0,0,0,0,0,15:37.8,15:37.8,4
03B4F1DE-6BF6-4BDC-82E6-5A8DE663F0CC,0,BO_6237_NLD_DAILY_GPRS,1,No description available.,1,0,0x01,0,0,0,0,0,0,0,0,16:30.2,16:30.2,3
D3E8FBD0-55E2-4FFB-B812-5AB2357E9DDD,0,RET_NLD_DAILY_SEEDING_OFFER,1,No description available.,1,0,0x01,0,0,0,0,0,0,0,0,15:38.4,10:22.7,7
356559E5-132D-482A-B0B0-5B9CD68B4AC2,0,MIS_POL_DAILY_ONLINE_ORDER,1,No description available.,1,0,0x01,0,0,0,0,0,0,0,0,33:59.7,33:59.7,4
B136C42A-786F-427C-84AA-5D595C7EF6F8,0,DBA_DAILY_ERROR_LOG_RECYCLE,1,No description available.,1,0,0x01,0,0,0,0,0,0,0,0,28:29.1,04:41.2,15
C4EE905F-C141-41A4-BF97-5DC4ABEE2FEA,0,ETL_POL_NLD_GPRS_PARQUET_AWS_PUSH,1,No description available.,1,0,0x01,0,0,0,0,0,0,0,0,35:59.1,00:36.0,8
AAA75071-C5F5-4C5E-8144-5DE6C2000024,0,ETL_NLD_SUBSCRIBER_DETAILS_SPOOL_PUSH,1,No description available.,1,0,0x01,0,0,0,0,0,0,0,0,12:17.4,15:28.6,7
0D44425D-67A8-4ADB-833A-5EF7C871474F,0,ICB_NLD_PP_DAILY_BN_ADDON,1,No description available.,1,0,0x01,0,0,0,0,0,0,0,0,16:12.3,16:12.3,5
4C609E12-594C-4296-9439-5F6795D7100D,0,MIS_NLD_HOURLY_POSTPAID_CPOS,1,No description available.,1,0,0x01,0,0,0,0,0,0,0,0,15:59.0,15:59.0,4
98D04E78-14D9-481C-81C0-5F8D7FC1F0AE,0,MIS_NLD_WEEKLY_ETU_HAND_REPORTS,1,No description available.,1,0,0x01,0,0,0,0,0,0,0,0,16:01.7,16:01.7,4
BED996B4-C614-475C-99A4-5FB3095A6FE4,0,EC2AMAZ-SS9D7GT-MVNOREPORT_NLD_LM-Firstusage-UKSLNLSPCN01-41,1,No description available.,1,10,0x019658E4B671334D95596BACC76DCF61,0,0,0,0,0,0,0,0,02:44.7,02:44.8,4
52E01E49-51B4-41F4-BC39-5FE6D60B0C85,0,FM_POL_DAILY_ANALYTICAL_TREND_SUMMARY,1,NULL,1,0,0x01,0,0,0,0,0,0,0,0,53:32.2,31:01.9,6
0820C5AC-93F2-4E93-B851-607BFB6E135B,0,BO_POL_DAILY_INT_DESTINATION_MINTS,1,NULL,1,0,0x01,0,0,0,0,0,0,0,0,28:45.5,00:02.2,5
0019A522-AB86-4A98-AE96-6133644DD166,0,MIS_NLD_DAILY_FIRSTUSAGE,1,No description available.,1,0,0x01,0,0,0,0,0,0,0,0,15:53.1,15:53.1,5
68C6AD1F-3B81-4322-92B7-6174518D9638,0,BO_6237_POL_DAILY_POPULATION,1,No description available.,1,0,0x01,0,0,0,0,0,0,0,0,33:59.0,33:59.0,3
B0D495A3-D06C-4FF4-B56A-61BEA5A20B9B,0,DBA_NLD_DAILY_HLRTDR_TBL_DROP,1,No description available.,1,0,0x01,0,0,0,0,0,0,0,0,32:48.1,33:47.8,6
17193B04-CC72-4D3C-BDAB-6253D34BD7B3,0,MIS_POL_MONTHLY_FCA_VINTAGE,1,NULL,1,0,0x01,0,0,0,0,0,0,0,0,08:53.6,00:07.9,5
8E569EE8-B3E7-4191-83EB-6349E1851345,0,DBA_DAILY_Schema change History Report,1,No description available.,1,0,0x01,0,0,0,0,0,0,0,0,33:59.2,33:59.2,5
F4355294-91AA-464B-A080-63E8C28412F2,0,BO_6237_NLD_Daily,1,No description available.,1,0,0x01,0,0,0,0,0,0,0,0,16:30.0,16:30.0,3
7604A538-D64D-4B0B-8706-64842229B272,0,DBA_POL_DAILY_SMSLCR_MONTH_COMPRESSION,1,No description available.,1,0,0x01,0,0,0,0,0,0,0,0,33:59.3,33:59.3,4
474CABD3-4190-40FC-BD90-6583C2D5CD38,0,BO_6237_POL_DAILY_GPRS,1,No description available.,1,0,0x01,0,0,0,0,0,0,0,0,33:59.0,33:59.0,3
E36A73B8-2DCE-46EA-BF59-65A89EA4717F,0,MIS_NLD_DAILY_TOPUP_SUMM_REVEUNE,1,No description available.,1,0,0x01,0,0,0,0,0,0,0,0,15:57.9,15:57.9,4
109B686A-AE62-44AE-98E7-65D41BE883BF,0,ETL_POL_ITG_LOAD_REPEATED_DELETE,1,No description available.,1,0,0x01,0,0,0,0,0,0,0,0,25:16.7,00:42.7,11
CB5037E8-879D-486B-B1A7-65F2D5B4A7DE,0,ETL_POL_HOURLY_HLR_TDR_PULLING,1,No description available.,1,0,0x01,0,0,0,0,0,0,0,0,29:50.9,26:27.3,14
1D0E7C72-57D7-4E43-8CE6-663C407C2936,0,ETL_NLD_DAILY_MOVE_FILES,0,No description available.,1,0,0x01,0,0,0,0,0,0,0,0,12:14.3,10:02.7,5
CE048081-479E-4EC3-9CA4-6664D272E50A,0,EC2AMAZ-SS9D7GT-MVNOREPORT_NLD_LM-Retailerwisekickback-13,1,No description available.,1,15,0x019658E4B671334D95596BACC76DCF61,0,0,0,0,0,0,0,0,46:50.7,46:50.8,4
D98146EE-0760-41EB-A9BD-667EA310CE6C,0,MIS_NLD_DAILY_ROAMING_VALID_USER,1,No description available.,1,0,0x01,0,0,0,0,0,0,0,0,15:56.7,15:56.7,4
5A8C228D-80D2-4DD4-9B28-6682BFC4066C,0,MIS_NLD_DAILY_ML_DATA_SUMMARY,1,No description available.,1,0,0x01,0,0,0,0,0,0,0,0,24:37.5,01:57.1,25
8164D371-AFCA-43BD-AC4B-67FB36F44396,0,EC2AMAZ-SS9D7GT-MVNOREPORT_POL_LM-Firstusage-UKSLPSCN01-M-35,1,No description available.,1,10,0x01,0,0,0,0,0,0,0,0,49:40.9,09:22.4,5
9C8E647C-5F9A-4C70-807C-68F9CF1736D3,0,ETL_THIRD_DATE_SPILL_MOVEMENT,1,No description available.,1,0,0x01,0,0,0,0,0,0,0,0,43:43.3,00:02.6,11
5A840D0B-F7B8-4242-935C-6BB4A0FF9149,0,FM_POL_DAILY_PG_ACCUMULATION_REPORT,1,No description available.,1,0,0x01,0,0,0,0,0,0,0,0,48:24.3,48:24.5,4
5742F049-E142-49CA-ABD0-6C702DD5CFAC,0,MIS_POL_MONTHLY_MLY_INCENTIVE_REPORT,1,No description available.,1,0,0x01,0,0,0,0,0,0,0,0,46:29.4,54:50.0,38
E7C9F9E3-731F-476F-A46E-6C8E3DC03666,0,MIS_NLD_DAILY_VOUCHER_STOCK_REPORT_DETAIL,1,No description available.,1,0,0x01,0,0,0,0,0,0,0,0,15:58.6,15:58.6,4
F9A9B1AB-FF39-4751-86CE-6CEFE15368C7,0,ETL_MONTHLY_LOGTABLE_BACKUP,1,No description available.,1,0,0x01,0,0,0,0,0,0,0,0,33:59.4,01:47.4,11
96B9009B-5A28-4C2E-A3CC-6CFCFEB6733F,0,MIS_POL_DAILY_RETAILER_INCENTIVE,1,No description available.,1,0,0x01,0,0,0,0,0,0,0,0,05:21.0,00:02.3,5
E5A7A495-175E-4FC0-A0FB-6D974175B115,0,ETL_NLD_HOLL_MOB_PULLING,1,No description available.,1,0,0x01,0,0,0,0,0,0,0,0,12:15.2,32:30.2,7
6E25DDFE-4A1A-46AC-BECA-6EF2A591C478,0,MIS_NLD_DAILY_PINPOOL_STOCK_REPORT,1,No description available.,1,0,0x01,0,0,0,0,0,0,0,0,15:54.9,15:54.9,4
2FFB2D8D-41B5-4E99-A38F-70684ABEFDB0,0,ETL_POL_RRBS_LOADING,1,No description available.,1,0,0x01,0,0,0,0,0,0,0,0,33:59.4,50:26.3,55
D3DFF6CB-089B-4756-A2E7-70B732B79561,0,ETL_MONTHLY_SMSLCR_SPILLOVER,1,No description available.,1,0,0x01,0,0,0,0,0,0,0,0,33:59.4,08:39.6,18
EC14C0D1-7847-4C35-82E1-70FBF6696ADA,0,DBA_HOURLY_SHRINK_LOGFILES,1,No description available.,1,0,0x01,0,0,0,0,0,0,0,0,33:59.2,07:54.4,6
03017544-45F0-48BD-9C91-7121FABB7DE1,0,MIS_POL_DAILY_PORTAL_RECONCILIATION,1,No description available.,1,0,0x01,0,0,0,0,0,0,0,0,33:59.7,33:59.7,4
5EEF83C0-2EDC-455E-9DCB-720D5A536C87,0,MIS_POL_DAILY_TOPUP_SUMM_REVEUNE,1,No description available.,1,0,0x01,0,0,0,0,0,0,0,0,33:59.8,33:59.8,4
A2D88F2C-A13F-48B3-9414-72FDB6D69544,0,MIS_NLD_WEEKLY_CBR_SIM,1,No description available.,1,0,0x01,0,0,0,0,0,0,0,0,16:01.3,16:01.3,4
DBCA1145-F8E2-44A3-89DE-73CA8A7293EF,0,ICB_POL_DAILY_MNO_MISSING_FILES,1,No description available.,1,0,0x01,0,0,0,0,0,0,0,0,13:05.3,13:05.9,5
A21A88FA-2227-4F8D-BC6F-73F6AB7FB0B9,0,BO_NLD_DAILY_INT_DESTINATION_MINTS,1,No description available.,1,0,0x01,0,0,0,0,0,0,0,0,16:30.5,16:30.5,4
4BA8E3BC-CB28-45CD-A014-75A4316BE6AF,0,DBA_All_Hourly_CaptureTempDBUsageSnapshot,1,Created by Suresh,1,0,0x01,0,0,0,0,0,0,0,0,43:05.8,43:06.0,4
B1201DEF-5983-43D0-B785-75CD4E4FAC12,0,MIS_POL_MONTHLY_INCENTIVE_CREDITSIM,1,created by Suresh on 12 Sep25,1,0,0x01,0,0,0,0,0,0,0,0,33:22.5,37:38.0,5
61F1E040-2654-49C3-ACDD-7620CE560D21,0,MIS_NLD_DAILY_EUNONEU_ROAMING,1,No description available.,1,0,0x01,0,0,0,0,0,0,0,0,15:52.7,15:52.7,4
9712E7FB-8EE4-4A63-833E-7666E131B958,0,ICB_NLD_DAILY_IMEI_POPULATION,1,No description available.,1,0,0x01,0,0,0,0,0,0,0,0,16:11.2,16:11.2,5
43E82D32-6C9E-402C-B88E-769DAC17FB59,0,MIS_NLD_DAILY_MFST_DETAILED_REPORT,1,No description available.,1,0,0x01,0,0,0,0,0,0,0,0,15:53.8,15:44.3,5
F5069485-1DCA-4595-B851-78D1F422FF61,0,ICB_NLD_PP_DAILY_BN_CUST_REPORT,1,No description available.,1,0,0x01,0,0,0,0,0,0,0,0,16:12.7,16:12.7,9
87D7075C-A7C8-4352-BC78-78E433889249,0,EC2AMAZ-SS9D7GT-MVNOREPORT_POL_LM-BundleSummary_Tables-UKSLPSCN04-M-36,1,No description available.,1,10,0x01,0,0,0,0,0,0,0,0,55:10.9,09:22.4,5
D9E768BE-1E4D-4DE5-BAEB-79130178703D,0,ICB_NLD_PP_DAILY_BILLCYCLE_WISE_GL_REPORT,1,No description available.,1,0,0x01,0,0,0,0,0,0,0,0,16:12.2,16:12.2,5
E326FAFE-BC60-475F-B439-798FBA2930A8,0,MIS_NLD_DAILY_GPRS_USAGE_FMRA,1,No description available.,1,0,0x01,0,0,0,0,0,0,0,0,15:53.6,15:53.6,4
31C15CEB-E87F-44A1-B1F8-79E6E24DAEF3,0,MIS_POL_DAILY_DEBIT_CREDIT_SUMMARY_REPORT,1,No description available.,1,0,0x01,0,0,0,0,0,0,0,0,33:59.6,33:59.6,4
33407B2B-58DA-4BC0-B2E3-7B913D03B50A,0,DBA_NLD_DAILY_STAGING_DBs_BACKUP,1,No description available.,1,0,0x01,0,0,0,0,0,0,0,0,12:55.9,14:12.5,26
32BBA6DE-18AE-44F0-981C-7BC22C968A51,0,MIS_POL_DAILY_RECYCLE_REMOVAL_PROCESS,1,No description available.,1,0,0x01,0,0,0,0,0,0,0,0,05:12.6,05:13.0,4
3592578B-95DA-49FD-8EF1-7D376C9A2C4F,0,DBA_POL_DAILY_ACCOUNTINFO_INGESTION_BackuptoS3,1,No description available.,1,0,0x01,0,0,0,0,0,0,0,0,33:59.2,41:06.3,9
D9EF8A10-4D99-4F4C-A2CA-7D3D1560354C,0,ETL_POL_FWNAT_LOAD,1,No description available.,1,0,0x01,0,0,0,0,0,0,0,0,35:08.3,00:42.5,15
74CD933A-D543-4446-9BC4-7E259D79CD93,0,Distribution clean up: distribution,1,Removes replicated transactions from the distribution database.,1,11,0x01,0,0,0,0,0,0,0,0,09:43.3,28:23.4,19
ECAC6D17-7618-4D9D-A812-7EA441DFD067,0,MIS_POL_MONTHLY_CONSOLIDATED,1,NULL,1,0,0x01,0,0,0,0,0,0,0,0,49:23.3,00:04.2,5
475C17E8-0DF9-49BE-9363-7FF38EFA5F2E,0,MIS_NLD_DAILY_TS_BS_RET_COMM,1,No description available.,1,0,0x01,0,0,0,0,0,0,0,0,15:58.3,15:58.3,12
CFA98571-EC58-41DA-B1C2-81BD9E1C2B25,0,MIS_POL_DAILY_ONLINE_SALES,1,No description available.,1,0,0x01,0,0,0,0,0,0,0,0,33:59.7,15:04.9,8
4C09BE37-EEAA-41C9-BE0D-829652ED10C3,0,MIS_NLD_MONTHLY_STAFF_INCENTIVE,1,NULL,1,0,0x01,0,0,0,0,0,0,0,0,13:31.5,02:52.6,9
4839B20E-A318-4B9C-AC7A-83840780AD06,0,DBA_POL_DAILY_HLRTDR_BULKSMSC_TBL_DROP,1,No description available.,1,0,0x01,0,0,0,0,0,0,0,0,34:26.7,53:19.5,7
681A769A-5299-4462-B42C-842C1BEFEA4B,0,RET_NLD_WEEKLY_BOLTON,1,No description available.,1,0,0x01,0,0,0,0,0,0,0,0,15:38.7,11:01.9,7
B957BBCE-E8FF-40BA-87D6-844899B369EA,0,BO_6237_POL_Daily,1,No description available.,1,0,0x01,0,0,0,0,0,0,0,0,33:58.7,33:58.8,3
16406FEF-B967-42C6-AAE0-86F2A83EFB33,0,ETL_NLD_ITG_TDR_PULLING_LOADING,1,No description available.,1,0,0x01,0,0,0,0,0,0,0,0,12:15.4,13:06.9,7
5C4D5073-6ACB-4498-B004-87E057BFCC00,0,DBA_MINS_CPU_MEMORY_UTILIZATION_ALERT,1,NULL,1,0,0x01,0,0,0,0,0,0,0,0,33:17.7,36:53.4,5
E091A0D1-8DB4-4C29-8958-889A11AA9914,0,MIS_POL_DAILY_BUNDLE_RENEWAL_PROCESS,1,No description available.,1,0,0x01,0,0,0,0,0,0,0,0,33:59.6,03:38.9,6
D5BC2E87-FA9F-49C1-96A0-8C2E07875084,0,ETL_RRBS_DAILY_SPILLMOVEMENT,1,No description available.,1,0,0x01,0,0,0,0,0,0,0,0,12:52.6,14:44.8,14
7821D63F-FD4C-4D0A-96D0-8C4F81D97A4B,0,DBA_WEEKLY_JOB_LINKEDSERVER_SCRIPT_BACKUP,1,Created by Suresh DBA,1,0,0x01,0,0,0,0,0,0,0,0,55:19.7,55:52.9,6
9BE3F44A-2DCA-4376-A291-8DB156C6D617,0,ETL_POL_HOURLY_SHR_LOADING,1,No description available.,1,0,0x01,0,0,0,0,0,0,0,0,16:10.6,00:42.7,11
07571FB6-ED32-4D28-8CB7-8DBED285DB4B,0,MIS_NLD_MONTHLY_RESELLER_AND_RETAILERWISE_BUNDLE,1,No description available.,1,0,0x01,0,0,0,0,0,0,0,0,28:09.7,28:09.7,4
5568F7ED-45BE-4708-A1C0-8DE802C6BB42,0,ICB_POL_DAILY_GGSN_DUMB,1,No description available.,1,0,0x01,0,0,0,0,0,0,0,0,33:59.5,33:06.7,9
7893BEA9-BA72-4A0E-A026-8DF97D33973B,0,DBA_Hourly_TopQueriesbyCPU&IO,1,No description available.,1,0,0x01,0,0,0,0,0,0,0,0,08:45.6,08:45.8,4
8BF85C14-17F2-493C-BA9F-8EE0BB00AEDA,0,DBA_HOURLY_ERRORLOG_ALERT,1,No description available.,1,0,0x01,0,0,0,0,0,0,0,0,53:13.5,53:13.7,4
84B41F1E-E1B0-4F97-BDD7-8EEECE59E1AA,0,syspolicy_purge_history,1,No description available.,1,0,0x01,0,0,0,0,0,0,0,0,18:04.3,28:11.0,7
517984C6-6FE4-4577-A2BD-8F28E5011C46,0,FM_NLD_HOURLY_SIMBOX_REPORT,1,No description available.,1,0,0x01,0,0,0,0,0,0,0,0,16:22.0,16:22.1,4
992D2400-974B-4063-9878-90BE8E177D65,0,MIS_POL_MONTHLY_BUN_SUMMARY_ACT,1,No description available.,1,0,0x01,0,0,0,0,0,0,0,0,33:59.9,37:32.2,5
151CD1DA-F171-45F4-916A-90E31988F685,0,DBA_POL_MINS_MVNO_POL_LOG_RESTORE,1,No description available.,1,0,0x01,0,0,0,0,0,0,0,0,45:51.3,56:51.6,7
E40188A0-9C4E-49E6-B0DC-9173653BFE2B,0,MIS_NLD_MONTHLY_BUN_VINT_LAYER,1,No description available.,1,0,0x01,0,0,0,0,0,0,0,0,15:59.5,15:59.5,4
8624D2CE-9181-4789-A7E4-919F379E952C,0,ETL_DAILY_HOURLY_POL_SMSLCR_LOADING,1,No description available.,1,0,0x01,0,0,0,0,0,0,0,0,33:59.3,00:42.2,11
C738F144-C9D6-49A7-A2E5-9379D7CF3D3C,0,EC2AMAZ-SS9D7GT-MVNOREPORT_POL_LM-1,1,No description available.,1,13,0x01,0,0,0,0,0,0,0,0,09:44.7,09:22.3,5
72200FC9-A484-4F61-9DEC-941EEBC046AC,0,MIS_POL_MONTHLY_BUNDLE_CODE_WISE_INTERNATIONAL_USAGE,1,NULL,1,0,0x01,0,0,0,0,0,0,0,0,08:01.6,00:08.0,5
026FA50A-8F4B-4402-9D98-9452CA3C5915,0,ETL_NLD_HLR_TDR_PULLING,1,No description available.,1,0,0x01,0,0,0,0,0,0,0,0,12:15.0,12:00.2,7
84B204D8-FCC8-4B8F-8DBE-95106E885B34,0,DBA_NLD_DAILY_PP_MONTH_COMPRESSION,1,No description available.,1,0,0x01,0,0,0,0,0,0,0,0,16:40.1,16:40.1,4
F3A33868-D439-464F-905E-95337C888B15,0,MIS_POL_DAILY_STOCK_REPORT,1,No description available.,1,0,0x01,0,0,0,0,0,0,0,0,33:59.8,33:59.8,5
DC9BAF75-A21D-4CF0-A0BB-95478E78C359,0,MIS_POL_MONTHLY_STAFF_INCENTIVE,1,NULL,1,0,0x01,0,0,0,0,0,0,0,0,10:58.2,52:50.6,8
080F5412-CB17-4D12-9617-958D7B9F6369,0,RA_POL_DAILY_ACCT_BAL_REPORT,1,No description available.,1,0,0x01,0,0,0,0,0,0,0,0,40:13.6,40:14.3,4
1DA5F218-A0EA-42BA-BFC2-95A1FA076971,0,DBA_NLD_DAILY_BULKSMSC_TABLE_COMPRESSION,1,No description available.,1,0,0x01,0,0,0,0,0,0,0,0,27:40.1,28:29.2,13
C3822C8D-37BF-4253-8DA7-9685524831EC,0,DBA_DAILY_DBMASTER_STATS_UPDATE,1,No description available.,1,0,0x01,0,0,0,0,0,0,0,0,02:01.5,02:01.7,4
BB3126B3-E233-4A1C-B4A9-96BA31F29C03,0,FM_NLD_DAILY_DESTINATION_SUMMARY,1,No description available.,1,0,0x01,0,0,0,0,0,0,0,0,16:20.6,16:20.6,4
81ECDB14-9D87-4E63-9448-97D108608747,0,Expired subscription clean up,1,Detects and removes expired subscriptions from published databases or distribution databases.,1,17,0x01,0,0,0,0,0,0,0,0,09:41.3,09:22.4,3
1BF2A1D1-6285-402F-A9D9-97D79671C1C1,0,MIS_NLD_MONTHLY_RES_TOPUP,1,No description available.,1,0,0x01,0,0,0,0,0,0,0,0,16:00.8,16:00.8,4
410134A7-1C4A-4BE2-8777-97FDFE149D35,0,ETL_MONTHLY_EDR_BT_HIST_MOVEMENT,1,No description available.,1,0,0x01,0,0,0,0,0,0,0,0,33:59.4,31:31.5,13
AB7C4090-1B2D-4778-95A5-992EB7A7E7C8,0,DBA_DAILY_Online_MonthDB_details,1,No description available.,1,0,0x01,0,0,0,0,0,0,0,0,33:59.1,33:59.1,4
E0376CA9-73BA-441B-A94B-997D23D4152F,0,ETL_ALL_LOADING_ALERT_POPULATION,1,No description available.,1,0,0x01,0,0,0,0,0,0,0,0,49:44.1,07:42.1,5
A5F6BF35-199A-44CA-8994-9A924DA901E1,0,ETL_HLR_TDR_BULKSMSC_AWS_PUSH(DEEP_ARCHIVE),1,No description available.,1,0,0x01,0,0,0,0,0,0,0,0,15:33.3,00:03.7,6
2C89087F-A41D-4399-9A08-9AC5B00DB17D,0,MIS_NLD_DAILY_RECYCLE_PROCESS,1,No description available.,1,0,0x01,0,0,0,0,0,0,0,0,59:46.8,42:47.0,11
0D56125D-F555-4866-BFD6-9B439893C6BB,0,MIS_POL_DAILY_ROAMING_VALID_USER,1,NULL,1,0,0x01,0,0,0,0,0,0,0,0,02:09.4,02:09.8,4
481F62A4-E43F-44A5-9F52-9B96F0338327,0,ETL_NLD_BN_POSTPAID_LOADING,1,No description available.,1,0,0x01,0,0,0,0,0,0,0,0,12:13.8,52:16.5,4
59A90797-4BE1-4F4A-ADE1-9D082EAFBC55,0,DBA_DAILY_FAILED_BACKUP_UPLOAD_TO_S3,1,created by Suresh,1,0,0x01,0,0,0,0,0,0,0,0,42:30.0,42:30.1,3
29C9F3A5-B5C1-4F80-805B-9EEF13F65921,0,ICB_POL_DAILY_FWNAT_MISSING_FILES,0,No description available.,1,0,0x01,0,0,0,0,0,0,0,0,54:13.9,54:38.4,7
54998DFC-DFBF-446D-9D2D-9EF313FEF62E,0,ETL_DAY-7_FLAT_FILES_DELETION,1,No description available.,1,0,0x01,0,0,0,0,0,0,0,0,30:55.2,00:11.5,6
191CA500-6E86-4FAE-935C-A1DDC837F39C,0,EC2AMAZ-SS9D7GT-MVNOREPORT_POL_LM-BundleSummary_Tables-1,1,No description available.,1,15,0x01,0,0,0,0,0,0,0,0,09:48.0,09:22.3,5
C82AA1D0-5EF6-4D6C-ACB9-A2044FBD782A,0,ICB_POL_Monthly_MNO_MT_SMS,1,No description available.,1,0,0x01,0,0,0,0,0,0,0,0,54:58.5,54:58.8,4
5F28AAA0-3F49-4B6A-BAC7-A2B5613FB495,0,MIS_NLD_MONTHLY_POSTPAID_BV,1,No description available.,1,0,0x01,0,0,0,0,0,0,0,0,16:00.6,16:00.6,4
E6634CD7-CEA0-4ECC-9931-A3BD9EC44A01,0,ICB_POL_DAILY_IMEI_POPULATION,1,No description available.,1,0,0x01,0,0,0,0,0,0,0,0,14:32.1,54:24.5,14
31339275-3935-417E-86EC-A3C240CAFCFA,0,MIS_NLD_DAILY_USERBASE,1,No description available.,1,0,0x01,0,0,0,0,0,0,0,0,15:58.5,15:58.5,4
668700EE-7A72-4033-A92D-A41459178D93,0,MIS_NLD_DAILY_ROAMING_REPORT,1,No description available.,1,0,0x01,0,0,0,0,0,0,0,0,15:56.4,15:56.4,4
1DC23B24-7B08-4624-9741-A4EF295B1AAC,0,MIS_POL_DAILY_CONSOLIDATED,1,NULL,1,0,0x01,0,0,0,0,0,0,0,0,37:04.3,00:02.5,6
865B9C75-7D6B-4CB3-8353-A52B73931328,0,EC2AMAZ-SS9D7GT-MVNOREPORT_POL_LM-RetailerTransaction_Tables-3,1,No description available.,1,15,0x01,0,0,0,0,0,0,0,0,15:19.8,09:22.4,5
C710568C-607F-4160-BD11-A533332F122A,0,FM_NLD_HOURLY_PAYM_ACTIVATION_SUMMARY,1,No description available.,1,0,0x01,0,0,0,0,0,0,0,0,16:21.9,16:21.9,4
4F5D35ED-346F-4F10-B283-A591A8F77CD6,0,MIS_NLD_DAILY_RECYCLE_REMOVAL_PROCESS,1,No description available.,1,0,0x01,0,0,0,0,0,0,0,0,04:59.3,04:59.7,4
E625722A-A60C-4145-A82D-A5DC392B95DF,0,MIS_POL_DAILY_PRELOADED_REPORT,1,No description available.,1,0,0x01,0,0,0,0,0,0,0,0,33:59.7,42:32.4,6
407C5B91-7C35-4117-8993-A5DF4DB73C43,0,FM_POL_HOURLY_FUP_AUTOBLOCK,1,As requested by Balaji FM team. created on 27oct23. schedule time hourly once,1,0,0x01,0,0,0,0,0,0,0,0,33:59.5,31:22.9,6
32257632-5F04-4813-93A2-A5FE69D7B779,0,FM_NLD_DAILY_PG_GATEWAY_ERROR_DESC,1,No description available.,1,0,0x01,0,0,0,0,0,0,0,0,16:21.1,16:21.2,4
C4F68FD8-8F97-4CCC-8DBC-A640475530D3,0,EC2AMAZ-SS9D7GT-MVNOREPORT_POL_LM-Firstusage-9,1,No description available.,1,15,0x01,0,0,0,0,0,0,0,0,11:10.8,09:22.4,5
F067B756-BA27-4A4E-95AB-A69F4349F4C8,0,MIS_NLD_MONTHLY_MLY_PF_INCENTIVE_REPORT,1,No description available.,1,0,0x01,0,0,0,0,0,0,0,0,16:00.1,14:45.9,18
B2558C85-2715-4009-9F8D-A713A9F63352,0,ICB_POL_DAILY_RRBS_SUMMARY,1,No description available.,1,0,0x01,0,0,0,0,0,0,0,0,09:57.6,30:05.9,6
DD208FCE-7C8B-4ABB-A02B-A77BEE40C686,0,ETL_NLD_PP_EDR_PULLING,1,No description available.,1,0,0x01,0,0,0,0,0,0,0,0,12:15.8,14:30.4,7
CBBF3205-F6FE-4FCC-887B-A789D1EFB63B,0,ICB_NLD_PP_DAILY_BN_PLINTRON_CUST_POS_REPORT_DATA,1,No description available.,1,0,0x01,0,0,0,0,0,0,0,0,16:13.1,16:13.1,5
6E251712-19A7-42A1-93C8-A94BE94CDA19,0,FM_NLD_DAILY_PG_ACCUMULATION_REPORT,1,No description available.,1,0,0x01,0,0,0,0,0,0,0,0,16:21.0,16:21.0,4
790FE3A8-C5E3-4898-B06C-AA37935281AF,0,RET_NLD_DAILY_CWN,1,No description available.,1,0,0x01,0,0,0,0,0,0,0,0,56:58.1,56:58.7,4
433D4A3C-E162-4811-84EB-AA3D67FFD893,0,ICB_NLD_DAILY_RRBS_VS_MNO_RECON,1,No description available.,1,0,0x01,0,0,0,0,0,0,0,0,16:11.8,16:11.8,5
7AB26D40-6150-4A2D-9A92-AB48295C5E9C,0,RET_NLD_DAILY_CC_ADDITION,1,Created by Suresh 29 Sep25,1,0,0x01,0,0,0,0,0,0,0,0,36:33.5,36:36.2,4
5B9F8494-685F-4CCB-A0AE-ABA71BCE9607,0,MIS_NLD_DAILY_BUNDLE_ANALYSIS,1,No description available.,1,0,0x01,0,0,0,0,0,0,0,0,15:51.8,15:51.8,4
3007CF22-B2C5-4928-A2B8-ACA8B0AF5EB2,0,ETL_POL_VOTING_ESME&BULCKSMSC_LOADING,1,No description available.,1,0,0x01,0,0,0,0,0,0,0,0,33:59.5,00:42.9,14
7B94823C-30D9-4193-8E7F-AD3968CF3D3F,0,ICB_NLD_VFNL_DAILY_ISR_RECONCILIATION,1,No description available.,1,0,0x01,0,0,0,0,0,0,0,0,06:15.3,06:43.5,7
FDCF5FC5-80DC-49B8-AA3A-ADB7FA01DBE3,0,ETL_NLD_AWS_PUSH,1,No description available.,1,0,0x01,0,0,0,0,0,0,0,0,12:13.6,51:38.9,4
E34CEAC8-D22D-4AA3-8249-ADE38F43BCF2,0,MIS_ALL_MONTHLY_MGMT_DASHBOARD_BI,1,Created By Suresh,1,0,0x01,0,0,0,0,0,0,0,0,59:12.6,33:29.4,28
803102E7-651E-4591-8822-B0543AB50CDB,0,ICB_POL_DAILY_GPRS_VOICE_SMS_RECON,1,No description available.,1,0,0x01,0,0,0,0,0,0,0,0,33:59.6,33:06.9,13
2C1E4628-42B2-46D2-AC03-B1DF906E6421,0,FM_NLD_HOURLY_FUP_AUTOBLOCK,1,As requested by Balaji FM team. created on 27oct23. schedule time hourly once,1,0,0x01,0,0,0,0,0,0,0,0,16:21.7,16:21.7,4
B918A79A-0468-454E-B9F6-B296EE066F96,0,ICB_POL_DAILY_SINGLE_IMSI_RECON,1,Created by Suresh on 11 Aug'25,1,0,0x01,0,0,0,0,0,0,0,0,23:52.5,23:54.0,4
4BAED4D1-78AB-40FD-AC00-B469FDC877C7,0,EC2AMAZ-SS9D7GT-MVNOREPORT_POL_LM-Tblretailerportinrequ-UKSLPSCN04-M-60,1,No description available.,1,10,0x019658E4B671334D95596BACC76DCF61,0,0,0,0,0,0,0,0,31:07.1,31:07.1,4
7DA4C29E-006D-4F36-8DC9-B4E5A1D7DD5A,0,ETL_POL_SMSLCR_PULLING,1,No description available.,1,0,0x01,0,0,0,0,0,0,0,0,00:41.6,37:33.8,6
F42960FD-D4C6-4842-A72E-B51E96DF94C3,0,RET_NLD_DAILY_STANDARD_TO_SAVER_PLAN_CONVERSION,1,Created by Suresh on 29 Sep25,1,0,0x01,0,0,0,0,0,0,0,0,04:41.5,05:36.7,5
D68EA5A6-1006-4893-A4AA-B5488BE7B3A3,0,MIS_POL_DAILY_RECYCLE_PROCESS,1,No description available.,1,0,0x01,0,0,0,0,0,0,0,0,01:01.2,43:22.5,11
717E0FBA-D38E-4BE6-8686-B54EC2ABE477,0,MIS_NLD_DAILY_ORDERS_RECONCILIATION,1,No description available.,1,0,0x01,0,0,0,0,0,0,0,0,15:54.7,14:55.5,5
F4B40BFB-6E92-417B-9062-B550A37DC3E9,0,MIS_NLD_MONTHLY_BUN_SUMMARY_ACT,1,No description available.,1,0,0x01,0,0,0,0,0,0,0,0,15:59.2,15:59.2,4
697B3184-25E9-475B-96D1-B5C4D618D90B,0,ICB_POL_DAILY_MISSING_FILES_RECONCILIATION,1,No description available.,1,0,0x01,0,0,0,0,0,0,0,0,18:02.9,18:03.0,5
93953185-AB05-42FF-869E-B699C3472E1C,0,MIS_NLD_DAILY_ONLINE_SALES,1,No description available.,1,0,0x01,0,0,0,0,0,0,0,0,15:54.5,15:54.5,4
DC50E654-9907-4BD2-9C5A-B6AFBD10C2BC,0,ETL_NLD_RRBS_LOADING,1,No description available.,1,0,0x01,0,0,0,0,0,0,0,0,12:16.1,11:33.1,17
005E77F6-F203-4CD0-AC6B-B7DF3BE8885A,0,MIS_NLD_MONTHLY_SLAB_WISE_DATA_USAGE_PP,1,No description available.,1,0,0x01,0,0,0,0,0,0,0,0,26:21.7,26:21.9,4
399AF4DA-5594-4525-89F7-B7EEF66449CB,0,MIS_POL_MONTHLY_HANDSET,1,NULL,1,0,0x01,0,0,0,0,0,0,0,0,26:18.3,00:03.1,6
41E0EF0F-F0D9-4CE8-A362-B90F7400B6E9,0,ETL_IMS_ITG_HIST_MOVEMENT,1,No description available.,1,0,0x01,0,0,0,0,0,0,0,0,16:59.2,14:18.9,9
D9A98759-7E5F-411E-A06D-BB0184360334,0,EC2AMAZ-SS9D7GT-MVNOREPORT_NLD_LM-BundleSummary_Tables-11,1,No description available.,1,15,0x019658E4B671334D95596BACC76DCF61,0,0,0,0,0,0,0,0,30:40.1,30:40.2,4
3886FFF2-3145-4EB1-885C-BB4C73071A18,0,MIS_POL_WEEKLY_CBR_SIM,1,No description available.,1,0,0x01,0,0,0,0,0,0,0,0,33:59.9,33:59.9,4
EABC515B-5AF3-47FE-85A1-BB93F5A82870,0,MIS_NLD_DAILY_DNA_TOPUP_REPORT,1,No description available.,1,0,0x01,0,0,0,0,0,0,0,0,51:25.5,52:12.6,14
E8A8B1FE-54AA-45CE-B732-BBBC2B709581,0,ETL_POL_DAILY_MOVEFILES,0,No description available.,1,0,0x01,0,0,0,0,0,0,0,0,33:59.4,10:06.1,11
5612F5D4-AE52-4CBE-90D8-BBC305A7D0C2,0,MIS_POL_DAILY_PINPOOL_STOCK_REPORT,1,No description available.,1,0,0x01,0,0,0,0,0,0,0,0,33:59.7,33:59.7,4
48856D37-868F-43C2-9F86-BBFD53F8B3E4,0,ICB_NLD_PP_DAILY_BN_BILLCYCLE_USAGE_REPORT,1,No description available.,1,0,0x01,0,0,0,0,0,0,0,0,16:12.5,16:12.5,5
C2C28D31-9C01-41D4-B499-BC62264AE535,0,ETL_ALL_DAILY_DYNAMIC_VIEW_CREATION,1,No description available.,1,0,0x01,0,0,0,0,0,0,0,0,33:59.3,24:09.5,17
CD8CED4E-EBB2-402B-AADC-BD6DEE9ADAD4,0,MIS_NLD_MONTHLY_POSTPAID_ACTIVEBASE_VINTAGE,1,No description available.,1,0,0x01,0,0,0,0,0,0,0,0,16:00.4,16:00.4,4
38E6AC6D-4BBE-496D-9E77-BE40F8008E72,0,ETL_NLD_VOTING_ESME_LOADING,1,No description available.,1,0,0x01,0,0,0,0,0,0,0,0,12:17.6,23:26.8,4
EA13E2D2-6CCA-4B58-8979-C197D508C1C8,0,DBA_HOURLY_DB_JOB_OWNER_CHANGE,1,No description available.,1,0,0x01,0,0,0,0,0,0,0,0,53:48.3,53:48.4,4
B7BDD2B3-3DF9-480B-8333-C1A76B45217F,0,ETL_NLD_EDR_SPEED&FU&SWAP_LOADING,1,No description available.,1,0,0x01,0,0,0,0,0,0,0,0,12:14.5,58:24.0,4
EF3FC036-7649-403C-8055-C2307D0D5083,0,RET_NLD_DAILY_AR_PREPONEMENT_SUCCESS_FAILURE_REPORT,1,No description available.,1,0,0x01,0,0,0,0,0,0,0,0,15:36.9,15:36.9,5
5B85F617-0C6C-4251-AFD7-C36C24098566,0,ETL_POL_ITG_TDR_PULLING,1,No description available.,1,0,0x01,0,0,0,0,0,0,0,0,07:42.1,29:40.7,14
BF49AE76-F0E2-4E7E-959C-C3F58EE28C5E,0,EC2AMAZ-SS9D7GT-MVNOREPORT_POL_LM-Retailerwisekickback-UKSLPSCN04-M-38,1,No description available.,1,10,0x01,0,0,0,0,0,0,0,0,04:36.8,09:22.4,5
37533CF4-463E-4DC6-827C-C58A4355A6FF,0,MIS_NLD_MONTHLY_INCENTIVE_REPORT,0,No description available.,1,0,0x01,0,0,0,0,0,0,0,0,22:22.4,55:43.0,34
CD9238EC-5C06-451A-AC21-C61EFD3F1735,0,ETL_NLD_SHR_HOURLY_PULLING,1,No description available.,1,0,0x01,0,0,0,0,0,0,0,0,12:16.9,16:59.1,7
4F92B0E9-F2E5-4FB9-90EC-C65601DB7D9E,0,MIS_NLD_DAILY_CBOS_SIM_VOUCHER_ACTIVATION,1,No description available.,1,0,0x01,0,0,0,0,0,0,0,0,15:52.2,15:52.2,4
82EF3BE7-B343-4DE7-A68F-C6A936D7C9F1,0,MIS_NLD_DAILY_SAFE_CUSTODY,1,No description available.,1,0,0x01,0,0,0,0,0,0,0,0,15:57.1,15:57.1,4
C1088935-C83F-4520-8E10-C75E18E39825,0,MIS_POL_DAILY_RUNNING_USAGE,1,No description available.,1,0,0x01,0,0,0,0,0,0,0,0,58:06.6,11:16.2,5
7C1AF41A-8531-4CB4-8B3F-C82D31759D0C,0,MIS_NLD_DAILY_RETAILER_INCENTIVE,1,No description available.,1,0,0x01,0,0,0,0,0,0,0,0,25:26.4,00:06.7,5
3B1EDF43-1399-406A-8B32-C8A11CD83FDF,0,MIS_POL_DAILY_REPSLY_ZONEWISE_GA_SUMMARYREPORT,1,No description available.,1,0,0x01,0,0,0,0,0,0,0,0,33:59.7,40:00.3,48
71CA994E-7054-4196-93F7-C8F2114A9382,0,ETL_NLD_SHR_LOADING,1,No description available.,1,0,0x01,0,0,0,0,0,0,0,0,12:17.0,17:30.3,4
C8288C0B-14BB-4966-BFD2-C9CFCC143D60,0,MIS_NLD_PP_MONTHLY_EXPIRY_WISE_BUNDLE_USAGE,1,No description available.,1,0,0x01,0,0,0,0,0,0,0,0,16:01.1,16:01.1,4
C3656BAD-D17B-466F-9BBF-C9F386CF4C52,0,MIS_NLD_DAILY_BUNDLE_RENEWAL_PROCESS,1,No description available.,1,0,0x01,0,0,0,0,0,0,0,0,15:52.0,15:52.0,5
4ACFB48F-6816-4055-946F-CAA96F80B17B,0,MIS_POL_DAILY_CBOS_SIM_VOUCHER_ACTIVATION,1,No description available.,1,0,0x01,0,0,0,0,0,0,0,0,33:59.6,33:59.6,4
BF8C9404-76E5-4945-B978-CAFBB0C9380A,0,MIS_NLD_WEEKLY_FCA,1,No description available.,1,0,0x01,0,0,0,0,0,0,0,0,16:01.9,16:01.9,4
D54FC199-C8CD-4454-93BB-CCAA4B47C174,0,MIS_POL_DAILY_REVENUE_REPORT,1,No description available.,1,0,0x01,0,0,0,0,0,0,0,0,33:59.8,55:07.7,10
D5E11FCF-D894-4EAB-BB8A-CCE527E0CC32,0,Replication agents checkup,1,Detects replication agents that are not logging history actively.,1,16,0x01,2,0,0,0,0,0,0,0,09:40.8,09:22.5,3
B7EED2DC-E2FC-40E9-B23A-CE7FCBE2E110,0,EC2AMAZ-SS9D7GT-MVNOREPORT_NLD_LM-Firstusage-UKSLNLSPCN04-42,1,No description available.,1,10,0x019658E4B671334D95596BACC76DCF61,0,0,0,0,0,0,0,0,05:05.3,05:05.4,4
039944FB-67C4-4F72-AF80-CEB039B29331,0,DBA_NLD_DAILY_EDR_COMPRESSION,1,No description available.,1,0,0x01,0,0,0,0,0,0,0,0,31:37.3,32:14.7,6
F39F72E0-48BA-4C5D-A55D-CED1DC4262DB,0,TARIFF_NLD_HOURLY_SUMMARY,1,No description available.,1,0,0x01,0,0,0,0,0,0,0,0,52:31.3,53:19.8,8
EEC77D8A-853A-41E2-B564-CEF040B832BB,0,FM_NLD_DAILY_FRAUDTOOL_VALIDATION,1,As requested by Yuvaraj FM team. Created on 4th Jul'24,1,0,0x01,0,0,0,0,0,0,0,0,16:20.8,16:20.8,4
56D02211-04C4-4DF1-B1E0-CF43094F29EC,0,MIS_POL_MONTHLY_SLAB_WISE_DATA_USAGE,1,No description available.,1,0,0x01,0,0,0,0,0,0,0,0,58:15.8,58:15.8,4
4B8AC576-5CB8-4D38-B5E3-CFA40A6B6E95,0,DBA_POL_DAILY_MONTH_COMPRESSION,1,No description available.,1,0,0x01,0,0,0,0,0,0,0,0,33:59.3,32:29.2,12
E6C963B7-FBD7-466A-858D-D0B4EC641BA8,0,DBA_NLD_DAILY_PP_BN_COMPRESSION,1,No description available.,1,0,0x01,0,0,0,0,0,0,0,0,16:39.9,16:39.9,4
B89B8611-681D-4539-8B4E-D16D599AEE34,0,ICB_NLD_DAILY_RRBS_MNO_PRE_POS_USAGE_REPORT,1,No description available.,1,0,0x01,0,0,0,0,0,0,0,0,16:11.6,16:11.6,5
60A4DD93-AE2C-4B43-9E42-D1B8C4FF14E5,0,MIS_NLD_MONTHLY_INCENTIVE_CREDITSIM,1,created by Suresh on 12 Sep25,1,0,0x01,0,0,0,0,0,0,0,0,33:05.0,36:27.8,5
33823D74-4473-4453-A3F6-D24423829F66,0,DBA_POL_DAILY_CDR_COMPRESSION,0,No description available.,1,0,0x01,0,0,0,0,0,0,0,0,33:59.0,12:56.4,6
C2625F23-A41B-493D-A9D0-D25D4BF1F728,0,EC2AMAZ-SS9D7GT-MVNOREPORT_POL_LM-Tblretailerportinrequest-16,1,No description available.,1,15,0x019658E4B671334D95596BACC76DCF61,0,0,0,0,0,0,0,0,28:23.9,28:24.1,4
DB30A29C-27D1-4A6F-9743-D2D76C8410AB,0,FM_NLD_DAILY_SIMBOX_REPORT,1,No description available.,1,0,0x01,0,0,0,0,0,0,0,0,16:21.5,16:21.5,4
1A0AE941-35CC-4BD1-8CAD-D3C6FC59F2D9,0,MIS_POL_DAILY_EUNONEU_ROAMING,1,No description available.,1,0,0x01,0,0,0,0,0,0,0,0,17:35.9,42:32.3,6
FCEE02A6-1ECC-47EA-8C2B-D40E2A1155CC,0,DBA_NLD_DAILY_CDR_COMPRESSION,0,No description available.,1,0,0x01,0,0,0,0,0,0,0,0,30:33.6,12:54.1,14
70538F54-ADA9-4C95-82EA-D4645431F58A,0,MIS_NLD_DAILY_PORTAL_RECONCILIATION,1,No description available.,1,0,0x01,0,0,0,0,0,0,0,0,15:55.1,15:55.1,4
32860062-1210-4DB4-885F-D4646FD61655,0,ETL_DAILY_HOURLY_NLD_SMSLCR_LOADING,1,No description available.,1,0,0x01,0,0,0,0,0,0,0,0,12:12.9,49:54.2,4
5B272124-5136-43E7-9E4F-D4C6E5D9FD05,0,MIS_NLD_DAILY_FST_REPORT,1,No description available.,1,0,0x01,0,0,0,0,0,0,0,0,15:53.3,15:53.3,4
9F3ADCD4-51B1-4F23-AF04-D551F9232EFF,0,RET_NLD_DAILY_BUNDLE_EXPIRY_CONVERSION,1,No description available.,1,0,0x01,0,0,0,0,0,0,0,0,15:37.3,15:37.3,4
0C49AF9A-F91D-41F0-869F-D58FBA1C00CB,0,MIS_POL_DAILY_MFST_DETAILED_REPORT,1,No description available.,1,0,0x01,0,0,0,0,0,0,0,0,33:59.7,16:03.8,5
F2191CC6-B293-4E0C-914E-D5E639CFAA06,0,DBA_NLD_MINS_MVNO_NLD_LOG_RESTORE,1,No description available.,1,0,0x01,0,0,0,0,0,0,0,0,30:31.6,56:36.3,13
E149186B-4C05-4EF3-A13A-D6095D96D88C,0,DBA_DAILY_SQL_AUDIT,1,No description available.,1,0,0x01,0,0,0,0,0,0,0,0,33:59.2,33:59.2,7
1D5F4FE3-BF31-4C4A-976D-D60E7C0CA38E,0,DBA_POL_MONTHLY_EDR_BT_DYNAMIC_VIEW_CREATION,1,No description available.,1,0,0x01,0,0,0,0,0,0,0,0,33:59.3,21:12.2,8
162B9D82-6181-4EA1-B700-D692CD5BBE70,0,ICB_POL_DAILY_ROAMING_GERMANY,0,No description available.,1,0,0x01,0,0,0,0,0,0,0,0,49:44.1,35:12.1,5
49A3E59A-E369-42F3-B670-D7AD5C177E76,0,MIS_POL_DAILY_SAFE_CUSTODY,1,No description available.,1,0,0x01,0,0,0,0,0,0,0,0,22:07.4,11:16.3,5
31E100F8-587E-42EC-B765-D7EC9FD92E99,0,DBA_POL_DAILY_MNO_MONTH_COMPRESSION,1,No description available.,1,0,0x01,0,0,0,0,0,0,0,0,33:59.3,33:59.3,5
FB6A9791-7DC3-42A1-89BE-D87D842FF261,0,MIS_POL_DAILY_TOPUP_ARPU,1,No description available.,1,0,0x01,0,0,0,0,0,0,0,0,33:59.8,12:23.9,7
58C26F69-0DA1-4CE3-9690-D8A0FFBA5C4F,0,ETL_NLD_BULK_SMSC_PULLING_LOAD,1,No description available.,1,0,0x01,0,0,0,0,0,0,0,0,12:14.2,10:14.3,11
A3F7C732-281A-4154-A5D3-D992494B65F4,0,DBA_WEEKLY_DB_OBJECTS_SCRIPT_BACKUP,1,No description available.,1,0,0x01,0,0,0,0,0,0,0,0,30:56.9,03:16.5,13
76AC905E-69C6-43CC-AA12-DB9BFDACB5D1,0,MIS_NLD_DAILY_REVENUE_REPORT,1,No description available.,1,0,0x01,0,0,0,0,0,0,0,0,15:56.2,15:56.2,7
7A063F9F-75B5-4B5D-AAE9-DBE7DCCAF3CF,0,MIS_NLD_MONTHLY_OPERATOR_SUBOPERATOR,1,No description available.,1,0,0x01,0,0,0,0,0,0,0,0,16:00.2,16:00.2,5
6D60F48A-08BC-4E79-8274-DC25227449EA,0,FM_POL_HOURLY_Special_Fraudblock,1,As requested by Balaji FM team. created on 27oct23. schedule time hourly once,1,0,0x01,0,0,0,0,0,0,0,0,33:59.5,31:22.9,6
9D6C5816-2810-41D5-B048-DC8177368D13,0,EC2AMAZ-SS9D7GT-MVNOREPORT_NLD_LM-Retailerwisekickback-UKSLNLSPCN04-51,1,No description available.,1,10,0x019658E4B671334D95596BACC76DCF61,0,0,0,0,0,0,0,0,48:34.9,48:34.9,4
BD59520F-0BA0-4514-AD16-DF502A74E7D7,0,TARIFF_AI_ANALYTICS_NLD_MONTHLY_ON_CHURN_RATE,1,No description available.,1,0,0x01,0,0,0,0,0,0,0,0,15:28.7,33:45.2,5
AB7CC130-13D3-48C7-B3D9-E0275491B6F9,0,RET_NLD_DAILY_EXPIRY_BASE,1,No description available.,1,0,0x01,0,0,0,0,0,0,0,0,15:37.6,09:30.9,7
AAB44DF3-7BF1-416F-BE6A-E06683DAD366,0,DBA_DAILY_POL_ACC_DB_RESTORATION,1,No description available.,1,0,0x01,0,0,0,0,0,0,0,0,33:59.1,43:12.8,106
6ED91B36-F11F-4725-8384-E181D411DA6D,0,MIS_POL_DAILY_GDPR_REPORT,1,NULL,1,0,0x01,0,0,0,0,0,0,0,0,53:14.9,53:15.4,4
965CDF8F-7C8B-4DB1-9038-E19068A1638A,0,FM_POL_DAILY_PG_GATEWAY_ERROR_DESC,1,No description available.,1,0,0x01,0,0,0,0,0,0,0,0,33:59.5,31:22.8,5
81EA4E49-3521-41EB-904A-E1A583E8855A,0,RET_NLD_DAILY_IMEI_BLOCK_ALERT,1,No description available.,1,0,0x01,0,0,0,0,0,0,0,0,15:38.2,15:38.2,4
EB5B0842-F6FE-44C9-A85A-E1DD91825F24,0,Replication monitoring refresher for distribution.,0,Replication monitoring refresher for distribution.,1,18,0x019658E4B671334D95596BACC76DCF61,0,0,0,0,0,0,0,0,09:43.3,09:43.3,2
99521EC3-6992-452C-A061-E1F8C9AD2459,0,DBA_NLD_DAILY_BULKSMSC_TBL_DROP,1,No description available.,1,0,0x01,0,0,0,0,0,0,0,0,29:09.4,53:09.1,7
C20F1F04-D91D-4AEC-9606-E289F4D8B0BB,0,RA_POL_DAILY_PORTOUT_MT_SMS_VALIDATION,1,NULL,1,0,0x01,0,0,0,0,0,0,0,0,43:14.2,00:06.9,5
0570056D-8D12-40F3-A10D-E32C5286940F,0,DBA_NLD_DAILY_BULKSMSC_HLR_TDR_DYNAMIC_VIEW_CREATION,1,No description available.,1,0,0x01,0,0,0,0,0,0,0,0,26:13.7,26:47.7,6
3F4DA5DA-9D70-4A32-85D0-E39A936CE517,0,MIS_NLD_DAILY_FCA_BREAKEDOWN,1,No description available.,1,0,0x01,0,0,0,0,0,0,0,0,15:52.9,15:52.9,4
DE912425-D533-4344-9A7C-E5012A76DBF6,0,ETL_POL_HOURLY_SHR_PULLING,1,No description available.,1,0,0x01,0,0,0,0,0,0,0,0,55:30.9,36:07.5,10
00D66985-E6A7-4DAC-A3C5-E79BAD82C1FD,0,MIS_POL_DAILY_ROAMING_REPORT,1,NULL,1,0,0x01,0,0,0,0,0,0,0,0,55:06.2,42:32.4,8
D22E8DC8-551B-422C-91F9-E95555A943F5,0,MIS_NLD_DAILY_SUBSCRIBER_FMRA,1,No description available.,1,0,0x01,0,0,0,0,0,0,0,0,15:57.5,15:57.5,4
7839CBDB-8CBA-47F6-BB81-E96BF98D8161,0,MIS_POL_WEEKLY_ETU_REPORTS,0,No description available.,1,0,0x01,0,0,0,0,0,0,0,0,33:59.9,57:19.8,8
0596A202-2E76-4920-8E41-EA7C3353389C,0,MIS_POL_DAILY_ROAMING_REVENUE,1,No description available.,1,0,0x01,0,0,0,0,0,0,0,0,39:46.5,39:46.7,4
02435F8F-5127-463B-9962-EB1C534B17A6,0,MIS_POL_DAILY_VOUCHER_STOCK_REPORT_DETAIL,1,No description available.,1,0,0x01,0,0,0,0,0,0,0,0,33:59.8,42:32.4,6
52B25D74-1518-44AA-A9C3-EB2079680B4F,0,ETL_NLD_RRBS_PULLING,1,No description available.,1,0,0x01,0,0,0,0,0,0,0,0,12:16.3,23:42.5,7
0412A370-0FCB-4FE4-AD15-EB5E82434ED0,0,DBA_DAILY_ACC_BACKUP_DELETION,1,No description available.,1,0,0x01,0,0,0,0,0,0,0,0,26:34.1,26:34.3,4
627256DE-16DE-40CD-B414-EB86A7383247,0,DBA_Service_Restart_Notification,1,Service_Restart_Notification,1,0,0x01,0,0,0,0,0,0,0,0,33:59.3,17:58.8,8
51B823AE-F25C-4E25-A5A1-EC6303E1FE80,0,DBA_MONTHLY_AUDIT_SCHEMA_DAYTOMONTH_CONVERSION,1,No description available.,1,0,0x01,0,0,0,0,0,0,0,0,33:59.2,05:02.5,8
80728377-906E-4ADC-9ECD-ED2DF52CB5B4,0,EC2AMAZ-SS9D7GT-MVNOREPORT_NLD_LM-TopupSummary_Tables-UKSLNLSPCN04-54,1,No description available.,1,10,0x019658E4B671334D95596BACC76DCF61,0,0,0,0,0,0,0,0,53:38.6,53:38.6,4
56FE8AF0-4F8A-4040-AC6F-EE4153AD1257,0,ETL_HOURLY_POL_MNO_LOAD,1,No description available.,1,0,0x01,0,0,0,0,0,0,0,0,33:59.3,00:42.2,9
18F9D908-2AD2-4697-9040-EE77B68721FC,0,ETL_POL_SUBSCRIBER_DETAILS_SPOOL_PUSH,1,No description available.,1,0,0x01,0,0,0,0,0,0,0,0,15:47.5,00:42.9,11
129F65E3-3ECF-41D3-B65E-EF4B9CF34B58,0,ETL_NLD_HLR_TDR_LOAD,1,No description available.,1,0,0x01,0,0,0,0,0,0,0,0,12:14.9,30:29.4,13
783D6325-306B-4D3A-8FC1-F00E7FDDC969,0,RA_POL_DAILY_RETAILER_INCENTIVE_REPORT_1,1,No description available.,1,0,0x01,0,0,0,0,0,0,0,0,19:30.2,19:31.2,4
AA1F5C77-6DB9-43AA-A6F3-F0DB52C6C932,0,MIS_NLD_DAILY_STOCK_REPORT,1,No description available.,1,0,0x01,0,0,0,0,0,0,0,0,15:57.3,15:57.3,5
F58F05E4-FBA5-4941-823E-F125DFB65C3C,0,EC2AMAZ-SS9D7GT-MVNOREPORT_POL_LM-RetailerTransaction_T-UKSLPSCN04-M-37,1,No description available.,1,10,0x01,0,0,0,0,0,0,0,0,00:38.0,09:22.4,5
88D4DE73-5A1E-4CFF-9296-F2AC75D6EC99,0,MIS_POL_DAILY_TS_BS_RET_COMM,1,No description available.,1,0,0x01,0,0,0,0,0,0,0,0,33:59.8,39:55.9,39
BC1F02CA-701B-4AFA-A8C1-F32062F1C3A5,0,MIS_NLD_DAILY_ALLOCATION_USAGE_REPORT,1,No description available.,1,0,0x01,0,0,0,0,0,0,0,0,15:51.6,15:51.6,4
1DE4A1FE-DD76-4419-9A21-F4083EB6DBAC,0,MIS_NLD_DAILY_DSM_TOPUP_REPORT,1,No description available.,1,0,0x01,0,0,0,0,0,0,0,0,15:52.6,15:52.6,4
7B4CFB7C-A90A-4893-93C8-F4AA87543B2E,0,DBA_POL_DAILY_BULKSMSC_DYNAMIC_VIEW_CREATION,1,No description available.,1,0,0x01,0,0,0,0,0,0,0,0,27:12.8,25:41.1,7
F66D7FA8-2F5B-4C3D-81F7-F5553410120A,0,DBA_Page_Life_Expectancy,0,No description available.,1,0,0x01,0,0,0,0,0,0,0,0,04:57.1,22:41.1,4
0FAFF47A-A90F-484E-9D63-F59DFBD4673E,0,DBA_POL_DAILY_STAGING_DBs_BACKUP,1,No description available.,1,0,0x01,0,0,0,0,0,0,0,0,33:59.0,10:51.0,248
AB93E643-C9A1-41C4-8285-F5FE56EED632,0,MIS_POL_DAILY_BUNDLE_ANALYSIS,1,No description available.,1,0,0x01,0,0,0,0,0,0,0,0,33:59.6,42:32.2,6
1287EF07-509C-4546-91AE-F5FE684A09EC,0,MIS_POL_MONTHLY_VAT_REPORT,1,NULL,1,0,0x01,0,0,0,0,0,0,0,0,14:51.3,00:06.4,5
25330C8E-ECD2-4BD6-A4C2-F65BF518E2AB,0,EC2AMAZ-SS9D7GT-MVNOREPORT_POL_LM-TopupSummary_Tables-UKSLPSCN04-M-22,1,No description available.,1,10,0x01,0,0,0,0,0,0,0,0,31:38.4,09:22.4,5
E0C6DB28-20CC-497D-8115-F7D2C2864EB8,0,ETL_ALL_DAILY_MNO_DYNAMIC_VIEW_CREATION,1,created by Suresh,1,0,0x01,0,0,0,0,0,0,0,0,06:28.6,07:37.5,13
027C737C-D2A4-471F-89BC-F82F9BBACDDC,0,ETL_HOURLY_POL_UDR_LOADING,1,No description available.,1,0,0x01,0,0,0,0,0,0,0,0,33:59.4,02:22.5,17
F153C89D-1FA1-4316-9367-F91EECD41BA2,0,MIS_POL_MONTHLY_BUN_VINT_LAYER,1,NULL,1,0,0x01,0,0,0,0,0,0,0,0,46:05.3,46:05.7,4
A2D60419-496D-449F-882E-F95E5FD1984D,0,DBA_NLD_DAILY_SMSLCR_MONTH_COMPRESSION,1,No description available.,1,0,0x01,0,0,0,0,0,0,0,0,16:40.3,16:40.3,4
FA56A839-51B2-49CD-876B-F9FDAC4EA12B,0,MIS_NLD_DAILY_RUNNING_USAGE,1,No description available.,1,0,0x01,0,0,0,0,0,0,0,0,15:56.9,15:56.9,4
16CE9A49-F5AF-4AF3-B7F2-FA18B80A1589,0,MIS_NLD_WEEKLY_CBR_VOU,1,No description available.,1,0,0x01,0,0,0,0,0,0,0,0,16:01.5,16:01.5,4
77306AD0-C0CA-4B77-BB0A-FA3444A2920F,0,ETL_POL_MNO_FWNAT_UDR_&_NRTRD_PULLING,1,No description available.,1,0,0x01,0,0,0,0,0,0,0,0,35:26.7,07:23.3,24
7352C613-4EA6-405B-BD22-FB7FBEDA13CA,0,EC2AMAZ-SS9D7GT-MVNOREPORT_NLD_LM-BundleSummary_Tables-UKSLNLSPCN04-45,1,No description available.,1,10,0x019658E4B671334D95596BACC76DCF61,0,0,0,0,0,0,0,0,34:09.0,34:09.0,4
489346BC-9F76-4DFE-B1E3-FC7FE3DB16EA,0,ETL_NLD_POSTPAID_DAILY_RECON,1,No description available.,1,0,0x01,0,0,0,0,0,0,0,0,12:15.6,02:40.7,4
A6866623-75A8-446A-872B-FCA0202ABC4D,0,MIS_POL_MONTHLY_MLY_PF_FIXING_REPORT,1,No description available.,1,0,0x01,0,0,0,0,0,0,0,0,53:48.0,15:49.0,9
3032CD6B-3382-4FB7-ABCB-FEFD088218A4,0,DBA_NLD_DAILY_MONTH_COMPRESSION,1,No description available.,1,0,0x01,0,0,0,0,0,0,0,0,16:39.8,16:39.8,5
57EEB815-E74A-4820-B0CF-FF54C224F2C6,0,MIS_POL_DAILY_SUBSCRIBER_FMRA,1,No description available.,1,0,0x01,0,0,0,0,0,0,0,0,03:33.0,33:11.3,5
45DEB19E-3217-4A77-8887-FF87DA296268,0,ETL_NLD_SF_SPOOL,1,No description available.,1,0,0x01,0,0,0,0,0,0,0,0,12:16.7,28:51.8,25
